Brand_x,Title,Price_special_x,Price_regular_x,Brand_y,Price_special_y,Price_regular_y,_merge
3CHENES,"3CHENES bičių pienelis ROYAL JELLY 1000, 10 ampulių",17.33,17.33,,,,left_only
,"ACC LONG, 600 mg, šnypščiosios tabletės, N10",,,ACC,6.99,6.99,right_only
,"ACC LONG, 600 mg, šnypščiosios tabletės, N6",,,ACC,4.66,4.66,right_only
ACC,"ACC Long, 600mg, Šnypščiosios tabletės, N10",7.25,7.25,,,,left_only
ACC,"ACC Long, 600mg, Šnypščiosios tabletės, N6",4.6,4.6,,,,left_only
,"ACC, 100 mg, milteliai geriamajam tirpalui, N20",,,ACC,4.85,4.85,right_only
ACC,"ACC, 20 mg/ml, 100 ml, Geriamasis tirpalas, N1",5.25,5.25,,,,left_only
,"ACC, 20 mg/ml, geriamasis tirpalas, 100 ml",,,ACC,5.02,5.02,right_only
,"ACC, 200 mg, milteliai geriamajam tirpalui, N20",,,ACC,4.96,4.96,right_only
,"ACC, 200 mg, šnypščiosios tabletės, N20",,,ACC,5.09,5.09,right_only
ACC,"ACC, 200mg, Šnypščiosios tabletės, N20",5.32,5.32,,,,left_only
ACC,"ACC, 3 g, 200 mg, milteliai geriamajam tirpalui, N20",5.09,5.09,,,,left_only
ACEROLA,"ACEROLA PLUS 100 VITAMINAS C, 120 kramtomųjų tablečių",14.99,14.99,,,,left_only
ACIC,"ACIC, 2 g, Kremas, N1",5.09,5.09,,,,left_only
ACIC,"ACIC, 200 mg, Tabletės, N25",13.29,13.29,,,,left_only
ACICLOVIR ACTAVIS,"ACICLOVIR ACTAVIS, 50 mg/g, Kremas, N1",4.55,4.55,,,,left_only
SIROMED,"ACICLOVIR SIROMED, 2 g, Kremas, N1",3.39,3.39,,,,left_only
,"ACORUS BRONCHOHERBA, geriamasis skystis, 120 ml",,,Acorus,5.77,7.69,right_only
ACTIFED,"ACTIFED, 100 ml, su matavimo šaukštu, Sirupas, N1",7.2,7.2,,,,left_only
,"ACTIFED, 30 mg/1,25 mg/5 ml, sirupas, 100 ml",,,Actifed,8.16,8.16,right_only
,"ACTIFED, 60 mg/2,5 mg, tabletės, N12",,,Actifed,8.16,8.16,right_only
ACTIFED,"ACTIFED, Tabletės, N12",7.31,7.31,,,,left_only
,"AFLUBIN EXPRESS, nosies purškalas, 20 ml",,,Aflubin,5.14,6.05,right_only
AFLUBIN,"AFLUBIN PLUS sirupas nuo kosulio, nuo 3 m., 175 ml",8.63,10.79,,,,left_only
,"AFLUBIN PLUS, sirupas nuo kosulio, 175ml",,,Aflubin,10.8,10.8,right_only
AFLUBIN,"AFLUBIN, 20 ml, geriamieji lašai, tirpalas, N1",5.67,5.67,,,,left_only
AFLUBIN,"AFLUBIN, 50 ml, geriamieji lašai, tirpalas, N1",10.2,10.2,,,,left_only
AFLUBIN,"AFLUBIN, Tabletės, N48",7.88,7.88,,,,left_only
,"AFLUBIN, geriamieji lašai, tirpalas, 20 ml",,,Aflubin,6.45,6.45,right_only
,"AFLUBIN, geriamieji lašai, tirpalas, 50 ml",,,Aflubin,11.11,11.11,right_only
,"AFLUBIN, tabletės, N48",,,Aflubin,7.78,7.78,right_only
AGOVIRAX,"AGOVIRAX nosies purškalas, nuo 1 m., 20 ml",16.49,16.49,,,,left_only
,"AGOVIRAX, nosies purškalas, 20 ml",,,Agovirax,14.08,16.56,right_only
ALIFLUSIN,"ALIFLUSIN 500 mg/200 mg/4 mg, Šnypščiosios tabletės, N10",5.68,5.68,,,,left_only
ALIFLUSIN,"ALIFLUSIN 500 mg/200 mg/4 mg, Šnypščiosios tabletės, N20",9.72,9.72,,,,left_only
,"ALIFLUSIN, 500 mg/200 mg/4 mg, šnypščiosios granulės, N10",,,Aliflusin,5.54,5.54,right_only
,"ALIFLUSIN, 500 mg/200 mg/4 mg, šnypščiosios granulės, N20",,,Aliflusin,9.72,9.72,right_only
,"ALIFLUSIN, 500 mg/200 mg/4 mg, šnypščiosios tabletės, N10",,,Aliflusin,4.62,4.62,right_only
,"ALIFLUSIN, 500 mg/200 mg/4 mg, šnypščiosios tabletės, N20",,,Aliflusin,7.26,7.26,right_only
ALIFLUSIN,"ALIFLUSIN, 500mg+200 mg+4mg, šnypščiosios granulės, N10",5.69,5.69,,,,left_only
ALIFLUSIN,"ALIFLUSIN, 500mg+200 mg+4mg, šnypščiosios granulės, N20",9.59,9.59,,,,left_only
ALKA-SELTZER,"ALKA-SELTZER, 324 mg, Šnypščiosios tabletės, N10",4.42,4.42,,,,left_only
,"ALSIROYAL CISTUS PLUS INFECT BLOCKER, 30 čiulpiamų tablečių",,,Alsiroyal,12.99,12.99,right_only
ALSIROYAL,"ALSIROYAL CISTUS PLUS INFECT BLOCKER, nuo 6 m., vaisių skonio, 30 pastilių",,12.99,,,,left_only
,"AMBIO BRONCHO COMPLEX, 20 tablečių",,,AMBIO,,,right_only
,"AMBIO BRONCHO COMPLEX, skystasis maisto papildas, 120 ml",,,AMBIO,6.24,6.24,right_only
,"AMBIO GERKLEI AVIEČIŲ SKONIO, 20 čiulpiamųjų tablečių",,,AMBIO,4.69,4.69,right_only
,"AMBIO GERKLEI CITRINŲ SKONIO, 20 čiulpiamųjų tablečių",,,AMBIO,4.98,4.98,right_only
,"AMBIO GERKLEI PIPIRMEČIŲ SKONIO, 20 čiulpiamųjų tablečių",,,AMBIO,4.69,4.69,right_only
,"AMBIO GERKLEI SU GYSLOČIU IR ČIOBRELIU, mikstūra be cukraus, 150ml",,,AMBIO,6.48,6.48,right_only
,"AMBIO GERKLEI SU ISLANDINE KERPENA IR EUKALIPTU, 20 čiulpiamųjų tablečių",,,AMBIO,4.98,4.98,right_only
,"AMBIO GERKLEI SU ISLANDINE KERPENA IR IMBIERU, 20 čiulpiamųjų tablečių",,,AMBIO,4.98,4.98,right_only
,"AMBIO GERKLEI SU ISLANDINE KERPENA, sirupas, 150 ml",,,AMBIO,3.89,6.48,right_only
,"AMBIO GERKLEI SU ISLANDINE KERPENA,purškalas, 20ml",,,AMBIO,3.84,5.48,right_only
,"AMBIO GERKLEI SU ŠALTALANKIŲ IR MEDETKŲ ALIEJAIS, purškalas, 20 ml",,,AMBIO,5.99,5.99,right_only
,"AMBIO HOT HERBAL DRINK SU ISLANDINE KERPENA, 10 paketėlių miltelių karštam gėrimui ruošti",,,AMBIO,5.24,7.48,right_only
,"AMBIO HOT HERBAL DRINK, 20 paketėlių miltelių karštam gėrimui ruošti",,,AMBIO,13.98,13.98,right_only
,"AMBIO HOT HERBAL DRINK,10 paketėlių miltelių karštam gėrimui ruošti",,,AMBIO,7.48,7.48,right_only
,"AMBIO SINUREN COMPLEX (mikstūra), 120 ml",,,AMBIO,4.98,4.98,right_only
,"AMBIO SINUREN COMPLEX, 60 tablečių",,,AMBIO,5.84,8.98,right_only
,"AMBROLAN, 30 mg, tabletės, N20",,,Ambrolan,2.81,2.81,right_only
SIROMED,"AMBROXOL SIROMED, 30mg, Tabletės, N20",3.34,3.34,,,,left_only
SIROMED,"AMBROXOL SIROMED, 3mg/ml, Sirupas, N1",4.08,4.08,,,,left_only
HEEL,"ANGIN-HEEL S, Tabletės, N50",6.56,6.56,,,,left_only
,"ANGIN-HEEL S, tabletės, N50",,,Heel,6.56,6.56,right_only
APAP,"APAP, 500mg, plėvele dengtos tabletės, N24",3.49,3.49,,,,left_only
APAP,"APAP, plėvele dengtos tabletės, N12",1.99,1.99,,,,left_only
,"APIPOL inhaliatorius, N1",,,Apipol,7.64,8.99,right_only
,"APIPOL propolio lašai inhaliacijoms, 20ml",,,Apipol,7.99,7.99,right_only
,"APIPOL svilarožių šaknų sirupas su medumi ir propolio ekstraktu, 100ml",,,Apipol,7.5,7.5,right_only
,"APIPRO oral burnos purškalas su propoliu, 20ml",,,Apipro oral,,,right_only
,"APITUSIK medaus sirupas nuo kosulio su čiobreliais ir propoliu, 100ml",,,APITUSIK,7.99,7.99,right_only
APOTHEKE,"APOTHEKE BIO žolelių arbata vaikams ŠALTUKAS, nuo 9 mėn., LT-EKO-001, 20 vnt., 1.5 g",2.89,2.89,,,,left_only
,"ATMOSIL BALSAM, skystas maisto papildas, 150ml",,,Atmosil,8.32,8.32,right_only
,"ATMOSIL, 15 kapsulių",,,Atmosil,5.9,5.9,right_only
SANITAS,"Acetilsalicilo rūgštis SANITAS, 500 mg, Tabletės, N100",9.15,9.15,,,,left_only
APAP,"Apap (vaikams), 250mg, Granulės, N10",4.99,4.99,,,,left_only
BERTIL'S,"BERTIL´S  CINKAS 10 MG, pipirmėčių skonio, 120 čiulpiamų tablečių",15.99,15.99,,,,left_only
BERTIL'S,"BERTIL´S  CINKAS 15 MG, 100 tablečių",14.99,14.99,,,,left_only
,"BROMHEXIN BERLIN-CHEMIE, 8 mg, dengtos tabletės, N25",,,Bromhexin Berlin-Chemie,2.81,2.81,right_only
BROMHEXIN,"BROMHEXIN BERLIN-CHEMIE, dengtos tabletės, N25",2.81,2.81,,,,left_only
BROMHEXIN,"BROMHEXIN, 8 mg, Tabletės, N50",6.89,6.89,,,,left_only
,"BROMHEXINE-GRINDEKS, 4 mg, tabletės, N50",,,Bromhexine-Grindeks,5.09,5.09,right_only
,"BROMHEXINE-GRINDEKS, 8 mg, tabletės, N50",,,Bromhexine-Grindeks,6.01,6.01,right_only
,"BRONCHALIS-HEEL, tabletės, N50",,,Heel,6.56,6.56,right_only
,"BRONCHIPRET TI, 150 mg/15 mg/g, geriamasis tirpalas, 100 ml ir dozavimo taurelė, N1",,,Bionorica,6.98,6.98,right_only
BRONCHIPRET,"BRONCHIPRET TP, plėvele dengtos tabletės, N20",6.21,6.21,,,,left_only
,"BRONCHIPRET, plėvele dengtos tabletės, N20",,,Bionorica,6.21,6.21,right_only
,"BRONCHOBALSAM, sirupas, 150 ml",,,BRONCHOBALSAM,6.99,6.99,right_only
ŠVF,"BRONCHOHERBA geriamasis tirpalas vaikams, 120 ml",,7.69,,,,left_only
ŠVF,"BRONCHOHERBA pastilės su šalavijais, 12 vnt.",,2.62,,,,left_only
BRONCHOMOSS,"BRONCHOMOSS sirupas, 100 ml",5.11,6.39,,,,left_only
,"BRONCHOMOSS, 20 tablečių",,,Innovative Pharma,6.23,6.23,right_only
,"BRONCHOMOSS, sirupas, 100 ml",,,Innovative Pharma,6.53,6.53,right_only
,"BRONCHONORM CAPS, 15 kapsulių",,,Bronchonorm,4.65,5.81,right_only
,"BRONTEX, 15 mg/5 ml, sirupas, 100 ml",,,Brontex,3.87,3.87,right_only
,"BRONTEX, 30 mg, tabletės, N20",,,Brontex,3.18,3.18,right_only
,"BRONTEX, 60 mg, šnypščiosios tabletės, N10",,,Brontex,4.79,4.79,right_only
,"BRONTEX, 7,5 mg/ml, geriamieji lašai (tirpalas), 100 ml",,,Brontex,4.9,4.9,right_only
BRONTEX,"BRONTEX, 7,5mg/ml, 100 ml ir matavimo taurelė, geriamieji lašai, tirpalas, N1",5.29,5.29,,,,left_only
BRONCHIPRET,"Bronchipret TI, 150mg+15mg/g, 100 ml ir dozavimo taurelė, Geriamasis tirpalas, N1",6.98,6.98,,,,left_only
BRONTEX,"Brontex 60 mg šnypščiosios tabletės, Šnypščiosios tabletės, N10",4.18,4.18,,,,left_only
BRONTEX,"Brontex, 15mg/5ml, 100 ml ir matavimo taurelė, Sirupas, N1",4.16,4.16,,,,left_only
BRONTEX,"Brontex, 30mg, Tabletės, N20",3.48,3.48,,,,left_only
CARBOSAN,"CARBOSAN, 5 g, Gelis, N1",4.38,4.38,,,,left_only
,"CINNABSIN N, tabletės, N40",,,Cinnabsin,7.64,7.64,right_only
CITROSEPT,"CITROSEPT ORGANIC (Lietuva LV - BIO - 01), 50 ml",17.59,17.59,,,,left_only
,"COLDISEPT NANOSILVER, GERKLĖS PURŠKALAS, 20 ml",,,Alpen Pharma AG,6.51,6.51,right_only
,"COLDISEPT NANOSILVER, NOSIES PURŠKALAS, 20 ml",,,Alpen Pharma AG,6.51,6.51,right_only
COLDISEPT,"COLDISEPT gerklės purškalas NANOSILVER, 20 ml",6.39,7.99,,,,left_only
COLDMOSS,"COLDMOSS BABY, nuo 1 m., 6 pakeliai",6.99,6.99,,,,left_only
,"COLDMOSS, 6 paketėliai",,,Innovative Pharma,6.29,6.29,right_only
,"COLDREX HOTREM HONEY & LEMON, 750 mg/10 mg/60 mg, milteliai geriamajam tirpalui, N10",,,Coldrex,8.17,8.17,right_only
,"COLDREX HOTREM LEMON, 750 mg/10 mg/60 mg, milteliai geriamajam tirpalui, N10",,,Coldrex,8.17,8.17,right_only
,"COLDREX HOTREM LEMON, 750 mg/10 mg/60 mg, milteliai geriamajam tirpalui, N5",,,Coldrex,4.84,4.84,right_only
COLDREX,"COLDREX HOTREM LEMON, milteliai geriamajam tirpalui, N10",6.78,6.78,,,,left_only
COLDREX,"COLDREX HotRem HONEY & LEMON 750mg+10mg+60mg, milteliai geriamajam tirpalui, N10",7.87,7.87,,,,left_only
COLDREX,"COLDREX HotRem LEMON 750mg+10mg+60mg, milteliai geriamajam tirpalui, N5",4.44,4.44,,,,left_only
COLDREX,"COLDREX MAXGRIP LEMON 1000mg/10mg/40mg, milteliai geriamajam tirpalui, N5",4.2,4.2,,,,left_only
,"COLDREX MAXGRIP LEMON, 1000 mg/10 mg/40 mg, milteliai geriamajam tirpalui, N10",,,Coldrex,7.49,7.49,right_only
,"COLDREX MAXGRIP LEMON, 1000 mg/10 mg/40 mg, milteliai geriamajam tirpalui, N5",,,Coldrex,4.67,4.67,right_only
COLDREX,"COLDREX MAXGRIP LEMON, 1000mg+10mg+40mg, milteliai geriamajam tirpalui, N10",6.99,6.99,,,,left_only
,"COLDREX MAXGRIP MENTHOL & BERRIES, 1000 mg/10 mg/70 mg, milteliai geriamajam tirpalui, N10",,,Coldrex,8.17,8.17,right_only
COLDREX,"COLDREX Maxgrip MENTHOL & BERRIES, milteliai geriamajam tirpalui, N10",7.87,7.87,,,,left_only
COLDREX,"COLDREX, Tabletės, N12",4.84,4.84,,,,left_only
COLDREX,"COLDREX, Tabletės, N24",7.41,7.41,,,,left_only
,"COLDREX, tabletės, N12",,,Coldrex,5.19,5.19,right_only
,"COLDREX, tabletės, N24",,,Coldrex,,,right_only
CORYZALIA,"CORYZALIA, dengtos tabletės, N40",5.49,5.49,Coryzalia,5.41,5.41,both
,"COSINUS SINUSES AND NOSE, purškalas, 60 ml",,,Cosinus,5.99,5.99,right_only
,"COSINUS, 30 tablečių",,,Cosinus,5.99,5.99,right_only
CINNABSIN N,"Cinnabsin N, Tabletės, N40",7.64,7.64,,,,left_only
D-LAB,"D-LAB maisto papildas imunitetui IMMUNITE ACTIVE, 56 Kapsulės",26.99,26.99,,,,left_only
,"DALERON COLD3, plėvele dengtos tabletės, N12",,,Daleron Cold3,5.24,5.24,right_only
,"DALERON COLD3, plėvele dengtos tabletės, N24",,,Daleron Cold3,7.87,7.87,right_only
,"DECATYL NATURAL, 12 pastilių",,,Teva,4.72,4.72,right_only
,"DECATYLEN NATURAL SPRAY, burnos ir gerklės purškalas, 20 ml",,,Decatylen,6.34,6.34,right_only
DECATYLEN,"DECATYLEN burnos ir gerklės purškalas NATURAL SPRAY, 20 ml",4.39,5.49,,,,left_only
,"DECATYLEN, 0,25 mg/0,03 mg, kietosios pastilės, N20",,,Decatylen,6.64,6.64,right_only
,"DECATYLEN, 0,25 mg/0,03 mg, kietosios pastilės, N40",,,Decatylen,10.21,10.21,right_only
DECATYLEN,"DECATYLEN, 0,25mg+0,03mg, kietosios pastilės, N20",1.61,1.61,,,,left_only
DECATYLEN,"DECATYLEN, 0,25mg+0,03mg, kietosios pastilės, N40",9.65,9.65,,,,left_only
DEFENDYL,"DEFENDYL imunitetui IMUNOGLUKAN P4H JUNIOR, 120 ml+pakuotėje yra ir dozavimo taurelė",19.99,19.99,,,,left_only
DEFENDYL,"DEFENDYL imunitetui IMUNOGLUKAN P4H, 30 kapsulių",18.99,18.99,,,,left_only
,"DELMAR, fiziologinis nosies purškalas, 100 ml",,,Medochemie,4.75,5.59,right_only
,"DELMAR, hipertoninis nosies purškalas, 50 ml",,,Medochemie,4.25,5.0,right_only
DELUFEN,"DELUFEN, 20 ml, nosies purškalas (tirpalas), N1",7.19,7.19,,,,left_only
,"DELUFEN, nosies purškalas (tirpalas), 20 ml",,,,7.19,7.19,right_only
DIAGNOSIS,"DIAGNOSIS DR CHECK bekontaktis infraraudonųjų spindulių termometras FC500, 1 vnt.+Dėklas, naudojimo instrukcija, 2 AAA baterijos.",49.59,61.99,,,,left_only
DIAGNOSIS,"DIAGNOSIS kompresorinis inhaliatorius DIAGNOSTIC NANO, 1 vnt.",55.12,68.9,,,,left_only
DIAGNOSIS,"DIAGNOSIS lankstus skaitmeninis termometras DIAGNOSTIC T-02, 1 vnt.+dėklas",5.84,7.3,,,,left_only
DIAGNOSIS,"DIAGNOSIS skaitmeninis termometras DIAGNOSTIC T-01, 1 vnt.+dėklas",4.85,6.06,,,,left_only
DR. BENEDICTUS,"DR. BENEDICTUS žolelių arbata BRONCHI, 25 vnt.",2.59,2.59,,,,left_only
DR. BENEDICTUS,"DR. BENEDICTUS žolelių arbata COLD SEASON, 25 g",2.79,2.79,,,,left_only
DR. BENEDICTUS,"DR. BENEDICTUS žolelių arbata KIDS COLD SEASON, 25 pakeliai",3.39,3.39,,,,left_only
DR. BENEDICTUS,"DR. BENEDICTUS žolelių arbata MEDETKŲ ŽIEDAI, 25 vnt., 1 g",2.99,2.99,,,,left_only
DR. BENEDICTUS,"DR. BENEDICTUS žolelių arbata MEDETKŲ ŽIEDAI, 50 g",3.19,3.19,,,,left_only
DR. BENEDICTUS,"DR. BENEDICTUS žolelių arbata MEŠKAUOGIŲ LAPAI, 50 g",2.89,2.89,,,,left_only
DR. BENEDICTUS,"DR. BENEDICTUS žolelių arbata PANKOLIŲ VAISIAI, 25 vnt., 1 g",2.49,2.49,,,,left_only
DR. BENEDICTUS,"DR. BENEDICTUS žolelių arbata PANKOLIŲ VAISIAI, 50 g",2.39,2.39,,,,left_only
DR. BENEDICTUS,"DR. BENEDICTUS žolelių arbata RAMUNĖLIŲ ŽIEDAI, 25 vnt., 1 g",3.19,3.19,,,,left_only
DR. BENEDICTUS,"DR. BENEDICTUS žolelių arbata RAMUNĖLIŲ ŽIEDAI, 50 g",3.19,3.19,,,,left_only
DR. THEISS,"DR. THEISS ECHINACEA FORTE, 0,756ml/ml, geriamieji lašai, tirpalas, 50 ml, geriamieji lašai, tirpalas, N1",5.35,5.35,,,,left_only
,"DR. THEISS HUSTICUM, 50 mg/g, sirupas, 100 ml",,,Dr. Theiss,3.79,3.79,right_only
DR. THEISS,"DR. THEISS eukalipto ledinukai su mentoliu, 75 g",3.67,4.89,,,,left_only
DR. THEISS,"DR. THEISS liepžiedžių ir citrinų skonio ledinukai su vitaminu C, 75 g",3.67,4.89,,,,left_only
DR. THEISS,"DR. THEISS šalavijų ir medaus ledinukai su vitaminu C, 75 g",3.67,4.89,,,,left_only
DR. THEISS,"DR. THEISS šveicariškų žolių skonio ledinukai su vitaminu C ir medumi, 75 g",3.67,4.89,,,,left_only
,"DROSERA-HOMACCORD, geriamieji lašai (tirpalas), 30 ml",,,Heel,,,right_only
DALERON,"Daleron COLD3, plėvele dengtos tabletės, N12",4.7,4.7,,,,left_only
DALERON,"Daleron COLD3, plėvele dengtos tabletės, N24",5.91,5.91,,,,left_only
DR. THEISS,"Dr. Theiss Eucalipin, 50 g, Tepalas, N1",5.48,5.48,,,,left_only
DR. THEISS,"Dr. Theiss Husticum, 50 mg/g, 100 ml, Sirupas, N1",4.27,4.27,,,,left_only
EFFERALGAN,"EFFERALGAN  geriamasis tirpalas vaikams, 90 ml, Geriamasis tirpalas, N1",5.0,5.0,,,,left_only
EFFERALGAN,"EFFERALGAN, 150mg, Žvakutės, N10",4.09,4.09,,,,left_only
EFFERALGAN,"EFFERALGAN, 80 mg, Žvakutės, N10",3.69,3.69,,,,left_only
,"ENGYSTOL, tabletės, N50",,,Heel,7.37,7.37,right_only
EUCABAL,"EUCABAL - BALSAM S, Kremas, N1",5.17,5.17,,,,left_only
EUPHORBIUM,"EUPHORBIUM COMPOSITUM S, 20 ml, nosies purškalas (tirpalas), N1",7.14,7.14,,,,left_only
,"EUPHORBIUM COMPOSITUM S, nosies purškalas (tirpalas), 20 ml",,,Euphorbium,7.14,7.14,right_only
EUROCARE,"EUROCARE aromatiniai pleistrai, 6 vnt.",1.43,1.79,,,,left_only
EUROCARE,"EUROCARE pipirinis pleistras, 10 cm x 18 cm, 1 vnt.",0.79,0.79,,,,left_only
EUROCARE,"EUROCARE šildantis pleistras, 1 vnt.",1.67,2.79,,,,left_only
EVOLU,"EVOLU inhaliatorius NANO AIR MINI, 1 vnt.",66.39,82.99,,,,left_only
EVOLU,"EVOLU inhaliatorius NANO AIR PRO, 1 vnt.",87.99,109.99,,,,left_only
EVOLU,"EVOLU kompresorinis inhaliatorius SUPER CAR, 1 vnt.",67.99,84.99,,,,left_only
ENGYSTOL,"Engystol, Tabletės, N50",5.69,5.69,,,,left_only
,"FARINGO SOFT, 20 pasitilių",,,Faringo,6.89,6.89,right_only
FARINGODOL FORTE,"FARINGODOL, 150 mg, kietosios pastilės, N16",6.52,6.52,Faringodol,6.22,6.22,both
,"FARINGOSEPT, 10 mg, slėgtosios pastilės, N20",,,Faringosept,,,right_only
KITA,"FARINGOSPRAY MINT purškalas, 20 ml",5.69,5.69,,,,left_only
KITA,"FARINGOSPRAY purškalas, 20 ml",5.89,5.89,,,,left_only
FARINGO,"FARINGOSPRAY purškalas, apelsinų skonio, 20 ml",5.89,5.89,,,,left_only
,"FARINGOSPRAY, apelsinų skonio purškalas, 20 ml",,,Faringospray,6.35,6.35,right_only
,"FARINGOSPRAY, mėtų skonio purškalas su šaltalankiais ir medetkomis, 20 ml",,,Faringospray,6.35,6.35,right_only
,"FARINGOSPRAY, purškalas, 20 ml",,,Faringospray,5.69,5.69,right_only
FERVEX,"FERVEX suaugusiems, be cukraus, granulės geriamajam tirpalui, N8",7.89,7.89,,,,left_only
FERVEX,"FERVEX vaikams, granulės geriamajam tirpalui, N8",7.35,7.35,,,,left_only
,"FERVEX, granulės geriamajam tirpalui suaugusiems, N8",,,Fervex,7.97,7.97,right_only
,"FERVEX, granulės geriamajam tirpalui suaugusiems, be cukraus, N8",,,Fervex,8.55,8.55,right_only
,"FERVEX, granulės geriamajam tirpalui vaikams, N8",,,Fervex,7.97,7.97,right_only
FERVEX,"FERVEX, granulės geriamajam tirpalui, N8",7.35,7.35,,,,left_only
FLAVAMED,"FLAVAMED, 15 mg/5 ml, Geriamasis tirpalas, N1",4.35,4.35,,,,left_only
,"FLAVAMED, 15 mg/5 ml, geriamasis tirpalas, 100 ml",,,Flavamed,3.71,3.71,right_only
,"FLAVAMED, 30 mg, tabletės, N20",,,Flavamed,3.09,3.09,right_only
,"FLAVAMED, 30 mg/5 ml, geriamasis tirpalas, 100 ml",,,Flavamed,3.93,3.93,right_only
FLAVAMED,"FLAVAMED, 30mg, Tabletės, N20",3.09,3.09,,,,left_only
,"FLAVAMED, 60 mg, šnypščiosios tabletės, N10",,,Flavamed,4.62,4.62,right_only
FLAVAMED,"FLAVAMED, 60mg, Šnypščiosios tabletės, N10",5.39,5.39,,,,left_only
,"FLUDITEC, 20 mg/ml, sirupas, 125 ml",,,Fluditec,3.82,3.82,right_only
,"FLUDITEC, 50 mg/ml, sirupas, 125 ml",,,Fluditec,4.02,4.02,right_only
FORMULA VITALE,"FORMULA VITALE VITAMINAS C PROLONG 1000 MG, 60 dengtų tablečių",14.99,14.99,,,,left_only
,"FURASOL, 100/900 mg, gargalas, milteliai tirpalui, N5",,,Furasol,6.87,6.87,right_only
FURASOL,"FURASOL, 100mg+900mg, 1 g, gargalas, milteliai tirpalui, N5",6.87,6.87,,,,left_only
FLAVAMED,"Flavamed, 30mg/5ml, 100 ml ir matavimo šaukšas, Geriamasis tirpalas, N1",4.59,4.59,,,,left_only
FLUDITEC,"Fluditec, 20mg/ml, 125 ml ir taurelė, Sirupas, N1",4.43,4.43,,,,left_only
FLUDITEC,"Fluditec, 50mg/ml, 125 ml ir taurelė, Sirupas, N1",4.66,4.66,,,,left_only
GALANAS,"GALANAS 1 mg/50 mg/ml, nosies purškalas, tirpalas, N1",5.26,5.26,,,,left_only
,"GALANAS, 1 mg/50 mg/ml, nosies purškalas (tirpalas), 10ml",,,,4.74,4.74,right_only
,"GALAZOLIN, 0,1 %, nosies lašai (tirpalas), 10 ml",,,Galazolin,2.47,2.47,right_only
GALAZOLIN,"GALAZOLIN, 10 ml, nosies lašai, tirpalas, N1",2.47,2.47,,,,left_only
GAMTOS NAMAI,"GAMTOS NAMAI guminukai CUMINUKAI, 50 guminukų",,18.79,,,,left_only
,"GARDIMAX TERMOGRIPP, milteliai geriamajam tirpalui, 10 maišelių",,,Gardimax,9.83,9.83,right_only
,"GASEC, 20 mg, skrandyje neirios kietosios kapsulės, N14",,,,3.52,3.52,right_only
,"GELOMYRTOL FORTE, 300 mg, skrandyje neirios minkštosios kapsulės, N100",,,Gelomyrtol,23.06,23.06,right_only
KITA,"GELOREVOICE gerklės pastilės, vyšnių ir mentolio skonio, 20 pastilių",6.39,7.99,,,,left_only
SILVADEP,"GOIMMUNE STRONG, 20 kapsulių",11.29,11.29,,,,left_only
GOLAMIR,"GOLAMIR 2ACT, 20 burnoje tirpstančių tablečių",9.59,11.99,,,,left_only
,"GOLAMIR 2ACT, burnoje disperguojamosios tabletės, N20",,,Golamir,9.86,9.86,right_only
,"GOLAMIR 2ACT, purškalas be alkoholio, 30 ml",,,Golamir,10.7,10.7,right_only
GOLAMIR,"GOLAMIR purškalas 2ACT, miško uogų ir gervuogių skonio, 30 ml",10.39,12.99,,,,left_only
GRINOVITA,"GRINOVITA FORTE vitaminas C, 850 MG, 10 pakelių",9.99,9.99,,,,left_only
GRINTUSS,"GRINTUSS ADULT, 20 burnoje tirpstančių tablečių",15.99,19.99,,,,left_only
,"GRINTUSS ADULT, burnoje disperguojamosios tabletės, N20",,,Grintuss,13.35,13.35,right_only
,"GRINTUSS ADULT, sirupas, 180 ml",,,Grintuss,12.15,12.15,right_only
,"GRINTUSS PEDIATRIC, sirupas, 180 ml",,,Grintuss,12.15,12.15,right_only
GRINTUSS,"GRINTUSS sirupas ADULT, 180 ml",14.39,17.99,,,,left_only
GRINTUSS,"GRINTUSS sirupas PEDIATRIC, 180 ml",14.39,17.99,,,,left_only
,"GRIPEX THERMAL, 1000/100/12,2 mg, milteliai geriamajam tirpalui, N12",,,Gripex,8.81,8.81,right_only
,"GRIPEX THERMAL, 1000/100/12,2 mg, milteliai geriamajam tirpalui, N8",,,Gripex,6.95,6.95,right_only
GRIPEX,"GRIPEX THERMAL, 1000mg+100mg+12,2mg, milteliai geriamajam tirpalui, N8",7.2,7.2,,,,left_only
GRIPEX,"GRIPEX THERMAL, 1000mg/100mg/12,2mg, milteliai geriamajam tirpalui, N12",8.67,8.67,,,,left_only
GRIPEX,"GRIPEX THERMAL, 300/20/5 mg, milteliai geriamajam tirpalui, N12",7.45,7.45,Gripex,6.95,6.95,both
,"GRIPEX THERMAL, 650/50/10 mg, milteliai geriamajam tirpalui, N8",,,Gripex,6.27,6.27,right_only
GRIPEX,"GRIPEX THERMAL, 650mg+50mg+10mg, milteliai geriamajam tirpalui, N8",2.99,2.99,,,,left_only
,"GRIPEX, 500/30/15 mg, plėvele dengtos tabletės, N10",,,Gripex,5.7,5.7,right_only
,"GRIPEX, 500/30/15 mg, plėvele dengtos tabletės, N20",,,Gripex,8.26,8.26,right_only
GRIPEX,"GRIPEX, 500mg/30mg/15mg, plėvele dengtos tabletės, N10",5.0,5.0,,,,left_only
GRIPEX,"GRIPEX, 500mg/30mg/15mg, plėvele dengtos tabletės, N20",7.5,7.5,,,,left_only
,"GRIPEX, plėvele dengtos tabletės, N12",,,Gripex,5.29,5.29,right_only
,"GRIPEX, plėvele dengtos tabletės, N24",,,Gripex,7.9,7.9,right_only
HEEL,"GRIPP-HEEL, Tabletės, N50",6.56,6.56,,,,left_only
,"GRIPP-HEEL, tabletės, N50",,,Heel,6.56,6.56,right_only
GRIPPOSTAD,"GRIPPOSTAD C, 200 mg + 150 mg + 25 mg + 2,5 mg, Kietosios kapsulės, N24",5.01,5.01,,,,left_only
GELOMYRTOL,"Gelomyrtol forte, 300mg, skrandyje neirios minkštos kapsulės, N20",6.72,6.72,,,,left_only
GRIPEX,"Gripex, plėvele dengtos tabletės, N12",4.99,4.99,,,,left_only
GRIPEX,"Gripex, plėvele dengtos tabletės, N24",7.79,7.79,,,,left_only
HADORTA,"HADORTA, 5,556mg/ml, sirupas, 100ml, Sirupas, N1",6.39,6.39,,,,left_only
,"HADORTA, sirupas, 100 ml",,,,6.4,6.4,right_only
,"HEDELIX S.A., 40 mg/ml, geriamieji lašai (tirpalas), 50 ml",,,Hedelix,5.08,5.08,right_only
,"HEDELIX, 8 mg/ml, sirupas, 100 ml",,,Hedelix,6.0,6.0,right_only
,"HERBION, 7 mg/ml, sirupas, 150 ml, N1",,,Herbion,7.26,7.26,right_only
,"HERBION, kietosios pastilės, N16",,,Herbion,6.95,6.95,right_only
,"HERBISLAND, sirupas, 150 ml",,,Herbisland,5.52,6.49,right_only
HERBITASSIN,"HERBITASSIN gerklės pastilės su islandinėmis kerpenomis ir medumi, 12 pastilių",,3.59,,,,left_only
HERBITASSIN,"HERBITASSIN islandinės kerpenos HYDRO, 12 pastilių",,4.79,,,,left_only
,"HERBITASSIN, gerklės pastilės su islandine kerpena ir juodaisiais serbentais, 12 pastilių",,,Herbitassin,2.99,2.99,right_only
,"HERBITASSIN, gerklės pastilės su islandine kerpena ir medumi, 12 pastilių",,,Herbitassin,2.99,2.99,right_only
,"HERBITASSIN, gerklės pastilės su šalavijų ekstraktu ir vitaminu C, 12 pastilių",,,Herbitassin,2.99,2.99,right_only
,"HEXORALETTEN N, 5 mg/1,5 mg, kietosios pastilės, N20",,,Hexoraletten N,,,right_only
HOMEOVOX,"HOMEOVOX, dengtos tabletės, N60",5.99,5.99,Homeovox,5.72,5.72,both
HUMER,"HUMER  jūros vanduo suaugusiesiems, 150 ml",8.77,10.32,,,,left_only
,"HUMER 050, hipertoninis tirpalas nuo slogos, 50 ml",,,Humer,6.78,8.48,right_only
,"HUMER ADULT, purškalas, 150 ml",,,Humer,8.26,10.32,right_only
,"HUMER KASDIENEI NOSIES HIGIENAI, nosies purškalas, 50 ml",,,Humer,7.19,8.99,right_only
,"HUMER SINUSITAS, purškalas, 15 ml",,,Humer,10.65,13.31,right_only
,"HUMER STOP VIRUS, nosies purškalas, 15 ml",,,Humer,8.57,10.71,right_only
HUMER,"HUMER hipertoninis jūros vanduo užgulusiai nosiai, 50 ml",7.64,8.99,,,,left_only
HUMER,"HUMER hipertoninis jūros vanduo užsikimšusiai nosiai, nuo 3 mėn., 50 ml",7.9,9.29,,,,left_only
HUMER,"HUMER jūros vanduo kūdikiams ir vaikams, nuo 1 mėn., 150 ml",9.01,10.6,,,,left_only
HUMER,"HUMER nosies purškalas STOP VIRUS, nuo 1 m., 15 ml",8.49,9.99,,,,left_only
HUMER,"HUMER nosies purškalas nuo sinusito, nuo 12 m., 15 ml",11.47,13.49,,,,left_only
HUMER,"HUMER tabletės nosiai ir gerklei DAY / NIGHT, 15 tablečių",5.99,9.99,,,,left_only
HUMER,"HUMER terminio ir jūros vandens nosies purškalas, 50 ml",7.64,8.99,,,,left_only
HUMER,"HUMER vienkartinės jūros vandens ampulės kūdikiams, 18 monodozių, nuo 1 mėn., 5 ml",6.82,8.02,,,,left_only
,"HUMER, 0,9%, daugiafunkcinis fiziologinis tirpalas, 30x5ml",,,Humer,7.99,9.99,right_only
HUSTAGIL,"HUSTAGIL balzamas, 30 ml",9.26,9.26,,,,left_only
HEDELIX,"Hedelix s.a., 50 ml su lašintuvu, geriamieji lašai, tirpalas, N1",5.08,5.08,,,,left_only
HEDELIX,"Hedelix, 8mg/ml sirupas, 100 ml ir matavimo šaukštelis, Sirupas, N1",5.92,5.92,,,,left_only
HERBION,"Herbion, 7mg/ml, 150 ml, Sirupas, N1",4.48,4.48,,,,left_only
HERBION,"Herbion, kietosios pastilės, N16",4.72,4.72,,,,left_only
HERBISLAND,"Herbisland sirupas, 150 ml",5.35,6.69,,,,left_only
,Himalaya Koflet H Ginger 2 x 6 pastilės,,,Himalaya,4.0,4.0,right_only
,Himalaya Koflet H Lemon 2 x 6 pastilės,,,Himalaya,,,right_only
,Himalaya Koflet H Orange 2 x 6 pastilės,,,Himalaya,,,right_only
IBUGARD,"IBUGARD 200mg/5ml, geriamoji suspensija, N1",6.88,6.88,,,,left_only
IBUGARD,"IBUGARD, 125 mg, Žvakutės, N10",3.96,3.96,,,,left_only
IBUGARD,"IBUGARD, 200mg, Minkštosios kapsulės, N10",2.14,2.14,,,,left_only
IBUGARD,"IBUGARD, 60 mg, Žvakutės, N10",3.96,3.96,,,,left_only
IBUMAX,"IBUMAX, 400mg, plėvele dengtos tabletės, N20",3.5,3.5,,,,left_only
IBUPROM,"IBUPROM 40mg/ml, 100 ml, geriamoji suspensija, N1",7.18,7.18,,,,left_only
IBUPROM,"IBUPROM, 200mg, dengtos tabletės, N10",2.6,2.6,,,,left_only
IBUSTAR,"IBUSTAR 40mg/ml, 100 ml ir geriamasis švirkštas, geriamoji suspensija, N1",7.49,7.49,,,,left_only
ICELANDER,"ICELANDER gerklės pastilės, nuo 3 m., 16 pastilių",4.99,4.99,,,,left_only
ICELANDER,"ICELANDER gerklės purškalas, 20 ml",6.09,6.09,,,,left_only
,"ICELANDER, purškalas skaudančiai gerklei, 20 ml",,,Innovative Pharma,5.89,5.89,right_only
,"ICELANDER, skaudančiai gerklei, 16 minkštųjų pastilių",,,Innovative Pharma,5.24,5.24,right_only
ILOXEN,"ILOXEN 200mg+30mg, plėvele dengtos tabletės, N12",5.68,5.68,,,,left_only
,"ILOXEN, 200 mg/30 mg, plėvele dengtos tabletės, N12",,,Iloxen,6.99,6.99,right_only
,"IMMUNOHOT, milteliai, 6 vnt.",,,Immunohot,6.05,6.05,right_only
DHU,"IMMUNOKIND, Tabletės, N150",10.01,10.01,,,,left_only
,"IMMUNOTROFINA, nuo kosulio purškalas, 30 ml",,,Immunotrofina,6.37,7.49,right_only
,"IMMUWASH, nosies purškalas, 50 ml",,,Immuwash,8.49,9.99,right_only
IMUNITAL,"IMUNITAL HOT DRINK,  juodųjų serbentų skonio, 5 pakeliai",2.12,5.29,,,,left_only
IMUNITAL,"IMUNITAL HOT DRINK, 5 pakeliai",2.12,5.29,,,,left_only
,"IMUNITAL HOT DRINK, su imbieru ir citrina, 12 g, 5 vnt.",,,Valentis,5.99,5.99,right_only
,"IMUNITAL HOT DRINK, su islandine kerpena, 16 g, 5 vnt.",,,Valentis,5.99,5.99,right_only
IMUNOSIL VIRUFIX,"IMUNOSIL VIRUFIX, 90 kapsulių",24.99,24.99,,,,left_only
INFLUCID,"INFLUCID, Tabletės, N40",7.64,7.64,,,,left_only
,"INFLUCID, tabletės, N40",,,Influcid,7.64,7.64,right_only
INOVOX,"INOVOX HONEY LEMON, 2mg/0,6mg/1,2mg, kietosios pastilės, N24",3.99,3.99,Inovox,7.43,7.43,both
INOVOX,"INOVOX MENTHOL, 2 mg / 0,6 mg / 1,2 mg, kietosios pastilės, N24",6.26,6.26,,,,left_only
,"INOVOX MENTHOL, 2 mg/0,6 mg/1,2 mg, kietosios pastilės, N24",,,Inovox,7.43,7.43,right_only
INOVOX,"INOVOX ORANGE, 2 mg / 0,6 mg / 1,2 mg, kietosios pastilės, N24",6.29,6.29,,,,left_only
,"INOVOX ORANGE, 2 mg/0,6 mg/1,2 mg, kietosios pastilės, N24",,,Inovox,7.43,7.43,right_only
,"ISLA - MINT, 30 minkštųjų pastilių",,,Isla,7.11,7.11,right_only
ISLA,"ISLA CASSIS, juodųjų serbentų skonio, 30 pastilių",4.79,5.99,,,,left_only
,"ISLA GINGER, 30 pastilių",,,Isla,7.11,7.11,right_only
ISLA,"ISLA JUNIOR, braškių skonio, 20 pastilių",5.67,7.09,,,,left_only
,"ISLA MEDIC ACUTE, citrusai - medus, 20 pasitilių",,,Isla,7.79,7.79,right_only
ISLA,"ISLA MEDIC ACUTE, citrusų-medaus skonio, nuo 6 m., 20 pastilių",6.55,8.19,,,,left_only
,"ISLA MEDIC HYDRO+, 20 pastilių",,,Isla,,,right_only
ISLA,"ISLA MEDIC HYDRO+, vyšnių skonio, nuo 6 m., 20 pastilių",5.27,6.59,,,,left_only
ISLA,"ISLA islandinių kerpenų ekstrakto pastilės su pipirmėčių aliejumi MINT, 30 pastilių",5.59,6.99,,,,left_only
IVEX,"IVEX sirupas nuo kosulio, nuo 1 m., 100 ml",5.1,6.38,,,,left_only
,"IVEX, sirupas nuo kosulio, 100 ml",,,Ivex,6.38,6.38,right_only
,"IVEX, sirupas nuo kosulio, 200 ml",,,Ivex,11.16,13.95,right_only
IBUSTAR,"Ibustar (vaikams), 20mg/ml, 100 ml ir geriamasis švirkštas, geriamoji suspensija, N1",4.5,4.5,,,,left_only
IVEX,"Ivex, sirupas nuo kosulio 200 ml, 200 ml",9.59,11.99,,,,left_only
,"JAMIESON CINKAS SU EŽIUOLE IR VITAMINAIS C IR D, 30 pastilių",,,Jamieson,11.39,11.39,right_only
,"JOX, 85/1 mg/ml, burnos gleivinės, gerklų ir ryklės purškalas (tirpalas), 30 ml",,,JOX,7.38,7.38,right_only
JUNIOR-ANGIN,"JUNIOR-ANGIN vaikiškos pastilės, braškių skonio, nuo 4 m., 24 Pastilės",5.19,6.49,,,,left_only
JOX,"Jox, 85mg+1mg/ml, 30 ml, burnos gleivinės, gerklų ir ryklės purškalas, N1",7.38,7.38,,,,left_only
KITA,"LARINGOSPRAY purškalas, 20 ml",5.79,5.79,,,,left_only
,"LARINGOSPRAY, purškalas, 20 ml",,,Laringospray,6.35,6.35,right_only
LIUGOL,"LIUGOL KIDS burnos ertmės ir gerklės purškalas, nuo 2 m., 50 ml",2.65,3.79,,,,left_only
,"LIUGOLIS, 12,5 mg/ml, burnos gleivinės purškalas (tirpalas), 50 ml",,,Liugolis,3.27,3.27,right_only
LORI,"LORIHERB gerklės purškalas, 20 ml",5.59,6.99,,,,left_only
LORIHERB,"LORIHERB, 36 Pastilės",7.39,7.39,,,,left_only
,"LOTOS PHARMA BRONCHONORM, 100 ml",,,Lotos Pharma,3.05,3.81,right_only
,"LOTOS PHARMA BRONCHONORM, 250 ml",,,Lotos Pharma,4.31,5.39,right_only
,"LYMPHOMYOSOT, geriamieji lašai (tirpalas), 30 ml",,,Heel,7.83,7.83,right_only
,"LYMPHOMYOSOT, tabletės, N50",,,Heel,6.56,6.56,right_only
LIUGOLIS,"Liugolis, 12,5mg/ml, 50 ml su mechaniniu purkštuku, burnos gleivinės purškalas (tirpalas), N1",2.89,2.89,,,,left_only
LYMPHOMYOSOT,"Lymphomyosot, 30 ml ir aplikatorius su lašintuvu, geriamieji lašai, tirpalas, N1",7.83,7.83,,,,left_only
LYMPHOMYOSOT,"Lymphomyosot, Tabletės, N50",6.56,6.56,,,,left_only
MARSIEČIAI,"MARSIEČIAI ledinukas RASPBERRY LOLLIPOPS, aviečių skonio, nuo 3 m., 1 vnt.",0.99,0.99,,,,left_only
,"MEDICATA APINASAL, nosies purškalas, 20 ml",,,Medicata,4.63,5.45,right_only
,"MEDICATA APROPINUS, geriamasis tirpalas, 100 ml",,,Medicata,6.16,6.16,right_only
,"MEDICATA PROMENTOLIS PLIUS ČIOBRELIS, 60 tablečių",,,Medicata,3.79,3.79,right_only
MEDICATA,"MEDICATA SALVEPROLIS, 25 ml",,6.49,,,,left_only
,"MEDICATA SALVEPROLIS, purškalas gerklei, 25 ml",,,Medicata,6.76,6.76,right_only
,"MEDICATA, propolio kapsulės, 290 mg, 40 kapsulių",,,Medicata,9.08,9.08,right_only
MEDISTUS,"MEDISTUS ANTIVIRUS pastilės, nuo 6 m., 10 pastilių",6.54,7.69,,,,left_only
,"MEDISTUS ANTIVIRUS, 10 tablečių",,,Medistus,6.15,7.69,right_only
MEDISTUS,"MEDISTUS ANTIVIRUS, medaus ir citrinų skonio, 10 pastilių",6.39,7.99,,,,left_only
,"MEDISTUS® ANTIVIRUS, pastilės medaus ir citrinų skonio, N10",,,Medistus,,,right_only
METAFENEX,"METAFENEX, 200mg+500mg, plėvele dengtos tabletės, N10",4.4,4.4,,,,left_only
,"MIRAMILE TONSIL, gerklės ir burnos purškalas, 30 ml",,,Miramile,5.64,5.64,right_only
MIRAMILE,"MIRAMILE augalinės pastilės su cinku ir beta gliukanais STRONG, 12 pastilių",,4.79,,,,left_only
,"MIRAMILE burnos gleivinės purškalas (tirpalas), 30 ml",,,Miramile,4.82,4.82,right_only
MIRAMILE,"MIRAMILE kids burnos ir gerklės sirupas vaikams, nuo 1 m., 100 ml",4.39,5.49,,,,left_only
MIRAMILE,"MIRAMILE, 0,1ml/0,35ml/0,05ml/0,3ml/ml, burnos gleivinės purškalas (tirpalas), N1",4.07,4.07,,,,left_only
,"MIRAMILE, islandinės kerpenos ir eukalipto skonio pastilės, 12 pastilių",,,Miramile,2.98,2.98,right_only
,"MIRAMILE, medaus ir citrinų skonio pastilės, 12 pastilių",,,Miramile,2.98,2.98,right_only
,"MIRAMILE, miško uogų skonio pastilės, 12 pastilių",,,Miramile,3.49,3.49,right_only
MOLEKIN,"MOLEKIN IMUNO JUNIOR,  7–12 m., 20 šnypščiųjų tablečių",,9.49,,,,left_only
MOLEKIN,"MOLEKIN IMUNO KIDS, 4–6 m., 20 šnypščiųjų tablečių",,9.49,,,,left_only
,"MUKALTIIN tabletės, N30",,,,2.99,2.99,right_only
,"MUKALTIIN, tabeltės, N10",,,,0.99,0.99,right_only
GELOMYRTOL,"MYRTOL, 120mg, skrandyje neirios minkštos kapsulės, N20",4.99,4.99,,,,left_only
NEO-ANGIN,"NEO-ANGIN be cukraus, 1,2mg+0,6mg+5,72mg, kietosios pastilės, N24",5.74,5.74,,,,left_only
NEO-ANGIN,"NEO-ANGIN, 1,2mg+0,6mg+5,9mg, kietosios pastilės, N24",5.74,5.74,,,,left_only
,"NEO-ANGIN, kietosios pastilės (be cukraus), N24",,,Neo-angin,6.2,6.2,right_only
,"NEO-ANGIN, kietosios pastilės, N24",,,Neo-angin,5.74,5.74,right_only
,"NISITA OITMENT, tepalas, 20 g",,,Nisita,5.77,6.79,right_only
NUROFEN,"NUROFEN FORTE STRAWBERRY, 40mg/ml, 100ml, geriamoji suspensija, N1",8.87,8.87,,,,left_only
NUROFEN,"NUROFEN FORTE, 400mg, dengtos tabletės, N12",3.39,3.39,,,,left_only
NUROFEN,"NUROFEN ORANGE, kramtomosios minkštosios kapsulės, 100 mg, Minkštosios kapsulės, N12",6.07,6.07,,,,left_only
NUROFEN,"Nurofen Forte Orange, 40mg/ml, 100 ml ir geriamasis švirkštas, geriamoji suspensija, N1",8.87,8.87,,,,left_only
OILEDIXIN,"OILEDIXIN vitaminas C, 30 ml",,2.59,,,,left_only
OLEFAR DUO,"OLEFAR DUO OIL SPRAY, 20 ml",4.78,5.98,,,,left_only
,"OLEFAR DUO OIL SPRAY, purškalas, 20 ml",,,Olefar,4.8,5.65,right_only
OLKO,"OLKO garstyčių paketai, 10 vnt.",0.79,0.99,,,,left_only
OLKO,"OLKO pipirinis pleistras, 10 cm x 16 cm, 1 vnt.",0.47,0.59,,,,left_only
,"OLYDEX, 1 mg/50 mg/ml, nosies purškalas (tirpalas), 10 ml",,,Olydex,5.52,5.52,right_only
OLYDEX,"OLYDEX, 1mg/50mg/ml, 10 ml, nosies purškalas, tirpalas, N1",5.52,5.52,,,,left_only
,"OLYNTH HA, 0,5 mg/ml, nosies purškalas (tirpalas), 10 ml",,,Olynth,5.52,5.52,right_only
,"OLYNTH HA, 1 mg/ml, nosies purškalas (tirpalas), 10 ml",,,Olynth,5.52,5.52,right_only
OLYNTH,"OLYNTH HA, 1mg/ml, 10 ml, nosies purškalas (tirpalas), N1",5.16,5.16,,,,left_only
,"OLYNTH, 1 mg/ml, nosies lašai (tirpalas), 10 ml",,,Olynth,3.61,3.61,right_only
,"OLYNTH, 1 mg/ml, nosies purškalas (tirpalas), 10 ml",,,Olynth,5.09,5.09,right_only
OSCILLOCOCCINUM,"OSCILLOCOCCINUM, piliulės, vienadozė talpyklė, N30",25.42,25.42,Oscillococcinum,24.14,24.14,both
OSCILLOCOCCINUM,"OSCILLOCOCCINUM, piliulės, vienadozė talpyklė, N6",6.55,6.55,Oscillococcinum,,,both
,"OTOSAN FORTE, gerklės purškalas, 30 ml",,,Otosan,6.91,8.64,right_only
,"OTOSAN FORTUSS, sirupas nuo kosulio, 180 g",,,Otosan,7.83,9.79,right_only
OTOSAN,"OTOSAN gerklės gelis FORTE, citrinų skonio, nuo 1 m., 14 vnt., 10 g",7.59,9.49,,,,left_only
OTOSAN,"OTOSAN gerklės purškalas FORTE, apelsinų skonio, 30 ml",6.87,8.59,,,,left_only
OTOSAN,"OTOSAN nosies plovimo rinkinys, 1 vnt.",12.55,15.69,,,,left_only
OTOSAN,"OTOSAN sirupas nuo kosulio FORTUSS, 180 g, nuo 1 m., 1 vnt.",7.84,9.8,,,,left_only
,"OTOSAN, gerklės drėkinamasis gelis paketėliais, 10 g, 14 vnt.",,,Otosan,7.66,9.57,right_only
,"OTOSAN, milteliai nosies ploviklio gamybai (paketėliai), 30 vnt.",,,Otosan,6.66,8.32,right_only
,"OTOSAN, nosies ploviklis (rinkinys)",,,Otosan,15.4,19.25,right_only
,"OTOSAN, nosies purškalas, 30 ml",,,Otosan,6.79,8.49,right_only
,"OTRIDUO, 0,5 mg/0,6 mg/ml, nosies purškalas, tirpalas, 10 ml, N1",,,OtriDuo,5.29,5.29,right_only
,"OTRINAZIL, 1 mg/50 mg/ml, nosies purškalas (tirpalas), 10 ml, N1",,,Otrinazil,5.29,5.29,right_only
,"OTRIVIN MENTHOL, 1 mg/ml, nosies purškalas (tirpalas), 10 ml",,,Otrivin,5.29,5.29,right_only
,"OTRIVIN NATURAL PLUS, su eukaliptu, 20 ml",,,Otrivin,4.22,4.69,right_only
OTRIVIN,"OTRIVIN nosies purškalas su eukaliptu NATURAL PLUS, nuo 6 m., 20 ml",3.75,4.69,,,,left_only
OTRIVIN,"OTRIVIN, 0,5 mg/ml, 10 ml, nosies lašai, tirpalas, N1",3.47,3.47,,,,left_only
,"OTRIVIN, 1 mg/ml, nosies lašai (tirpalas), 10 ml",,,Otrivin,3.47,3.47,right_only
,"OTRIVIN, 1 mg/ml, nosies purškalas (tirpalas), 10 ml",,,Otrivin,4.88,4.88,right_only
OLYNTH,"Olynth HA, 0,5mg/ml, 10 ml, nosies purškalas (tirpalas), N1",5.61,5.61,,,,left_only
OLYNTH,"Olynth, 1mg/ml, 10 ml, nosies lašai, tirpalas, N1",3.69,3.69,,,,left_only
OLYNTH,"Olynth, 1mg/ml, 10 ml, nosies purškalas (tirpalas), N1",5.64,5.64,,,,left_only
OTRIVIN,"OtriDuo, 0,5mg+0,6mg/ml, 10 ml, nosies purškalas (tirpalas), N1",5.29,5.29,,,,left_only
OTRIVIN,"Otrinazil 1 mg/50 mg/ml nosies purškalas (tirpalas), nosies purškalas (tirpalas), N1",5.29,5.29,,,,left_only
OTRIVIN,"Otrivin Menthol, 1mg/ml, 10 ml, nosies purškalas (tirpalas), N1",5.29,5.29,,,,left_only
OTRIVIN,"Otrivin, 1mg/ml, 10 ml, nosies lašai, tirpalas, N1",3.47,3.47,,,,left_only
OTRIVIN,"Otrivin, 1mg/ml, 10 ml, nosies purškalas (tirpalas), N1",3.39,3.39,,,,left_only
PARACETAMOL,"PARACETAMOL ACTAVIS, 500mg, Tabletės, N20",1.88,1.88,,,,left_only
PARACETAMOL ZENTIVA,"PARACETAMOL ZENTIVA, 500mg, 20 tablečių, Tabletės, N20",1.72,1.72,,,,left_only
KITA,"PARACETAMOL-RATIOPHARM, 125 mg, Žvakutės, N10",3.03,3.03,,,,left_only
KITA,"PARACETAMOL-RATIOPHARM, 250 mg, Žvakutės, N10",2.99,2.99,,,,left_only
PAXELADINE,"PAXELADINE, 2mg/ml, 100 ml, Sirupas, N1",5.69,5.69,,,,left_only
,"PAXELADINE, 2mg/ml, 100ml ir matavimo šaukštas arba matavimo taurelė, N1",,,,6.06,6.06,right_only
,"PERTUSINAS FORTE, sirupas, 100 ml",,,Pertusinas,3.47,3.47,right_only
PERTUSINAS,"PERTUSINAS forte, 100 ml, Sirupas, N1",3.51,3.51,,,,left_only
PERTUSINAS,"PERTUSINAS sirupas, vaikams , 1 ml/5 ml, Sirupas, N1",4.05,4.05,,,,left_only
,"PERTUSINAS, 1 ml/5 ml, sirupas, vaikams, 100 ml ir matavimo šaukšas (5 ml) N1",,,Pertusinas,4.05,4.05,right_only
PERTUSINAS,"PERTUSINAS, 100 ml, Sirupas, N1",2.96,2.96,,,,left_only
,"PERTUSINAS, sirupas, 100 ml",,,Pertusinas,2.82,2.82,right_only
,"PHOSPHOR-HOMACCORD, geriamieji lašai (tirpalas), 30 ml",,,Heel,,,right_only
PIC,"PIC tinklinis inhaliatorius, dedamas ant veido AIR EASY ON, begarsis, 1 vnt.",67.49,89.99,,,,left_only
,"POLOVOX, 8,75 mg/dozėje, burnos gleivinės purškalas (tirpalas), 15 ml",,,PoloVox,9.01,9.01,right_only
KITA,"POLOVOX, 8,75mg, burnos gleivinės purškalas (tirpalas), N1",9.0,9.0,,,,left_only
,"PROPODEZAS FORTE, su šeivamedžiu, 50 tablečių",,,Propodezas,4.19,4.19,right_only
,"PROPODEZAS SU AVIETĖMIS, 50 tablečių",,,Propodezas,3.75,3.75,right_only
,"PROPODEZAS SU ERŠKĖTUOGĖMIS, 50 tablečių",,,Propodezas,3.75,3.75,right_only
,"PROPODEZAS SU IMBIERU, 50 tablečių",,,Propodezas,3.75,3.75,right_only
,"PROPODEZAS SU VAISTAŽOLĖMIS, 50 tablečių",,,Propodezas,3.75,3.75,right_only
PROPODEZAS,"PROPODEZAS su avietėmis, 50 tablečių",,3.75,,,,left_only
PROPODEZAS,"PROPODEZAS su imbieru, 50 tablečių",,3.87,,,,left_only
PROPODEZAS,"PROPODEZAS su vaistažolėmis, 50 čiulpiamų tablečių",,3.75,,,,left_only
,"PROPOKSIL MEDICATA, burnos ir gerklės purškalas, 25ml",,,Medicata Filia,6.99,6.99,right_only
,"PROSPAN, 35 mg/5 ml, geriamasis tirpalas, 5 ml, N21",,,Prospan,9.44,9.44,right_only
,"PROSPAN, 65 mg, šnypščiosios tabletės, N10",,,Prospan,6.73,6.73,right_only
,"PROSPAN, 7 mg/ml, sirupas, 100 ml",,,Prospan,7.26,7.26,right_only
PANADOL,"Panadol, 120mg/5ml, 100 ml, geriamoji suspensija, N1",5.45,5.45,,,,left_only
KITA,"Paracetamolis SANITAS, 500mg, Tabletės, N20",2.95,2.95,,,,left_only
PHOSPHOR HOMACCORD,"Phosphor-Homaccord, 30 ml ir aplikatorius su lašintuvu, geriamieji lašai, tirpalas, N1",7.83,7.83,,,,left_only
PROSPAN,"Prospan 26 mg, kietosios pastilės, N20",7.11,7.11,,,,left_only
PROSPAN,"Prospan 35 mg/5 ml geriamasis tirpalas, Geriamasis tirpalas, N21",9.66,9.66,,,,left_only
PROSPAN,"Prospan, 100 ml ir dozavimo taurelė, Sirupas, N1",7.52,7.52,,,,left_only
PROSPAN,"Prospan, 65mg, Šnypščiosios tabletės, N10",7.05,7.05,,,,left_only
,"QUIXX ACUTE, nosies purškalas, 100 ml",,,Quixx,,,right_only
,"QUIXX DAILY, nosies purškalas, 100 ml",,,Quixx,7.56,7.56,right_only
,"QUIXX EXTRA, nosies purškalas, 30 ml",,,Quixx,5.29,5.29,right_only
,"QUIXX NASAL SPRAY, purškalas, 30 ml",,,Quixx,5.22,5.22,right_only
,"QUIXX SOFT NASAL SPRAY, nosies purškalas, 30 ml",,,Quixx,5.14,5.14,right_only
RESPIFORTIN,"RESPIFORTIN, 600 mg, Šnypščiosios tabletės, N10",5.54,5.54,,,,left_only
,"RESPIFORTIN, 600 mg, šnypščiosios tabletės, N10",,,Respifortin,5.54,5.54,right_only
,"RHINITIX, nosies purškalas, 10 ml",,,RHINITIX,,,right_only
,"RHINO-STAS, 1 mg/ml, nosies purškalas (tirpalas), 10 ml",,,Rhino-Stas,4.1,4.1,right_only
RHINO-STAS,"RHINO-STAS, 1mg/ml, 10 ml, nosies purškalas (tirpalas), N1",4.34,4.34,,,,left_only
RHINOLAYA,"RHINOLAYA FORT INEBIOS Himalajų druskos nosies purškalas, 50 ml",7.99,9.99,,,,left_only
,"RHINOLAYA FORT, nosies purškalas, hipertoninis tirpalas, 50 ml",,,Rhinolaya,9.99,9.99,right_only
RHINOLAYA,"RHINOLAYA INEBIOS Himalajų druskos nosies purškalas, 100 ml",9.59,11.99,,,,left_only
,"RHINOLAYA PROTECT, nosies purškalas, izotoninis, 50 ml",,,Rhinolaya,10.49,10.49,right_only
,"RHINOLAYA, nosies purškalas, izotoninis tirpalas, 100 ml",,,Rhinolaya,11.99,11.99,right_only
,"RHINOSOL, nosies lašai, 10 ml",,,RhinoSol,4.99,4.99,right_only
,"RINOFLUX 0,9%, fiziologinis tirpalas inhaliacijoms ir nosiai, sterilus, 5ml, N10",,,RinoFlux,6.49,6.49,right_only
,"RINOPANTEINA PLUS, nosies purškalas, 20 ml",,,Rinopanteina,8.49,9.99,right_only
,"RINOPANTEINA, nosies lašai, 30 ml",,,Rinopanteina,7.64,8.99,right_only
,"RINOPANTEINA, nosies tepalas, 10 g",,,Rinopanteina,7.64,8.99,right_only
RINOQUICK,"RINOQUICK aromatizuotas pleistras, nuo 2,5 m., 5 vnt.",3.75,4.69,,,,left_only
,"RINOSAN mint izotoninis nosies purškalas su mentoliu ir eukalipto aliejumi, 30ml",,,Rinosan propo,5.94,6.99,right_only
,"RINOSAN propo izotoninis nosies purškalas su propoliu, 30ml",,,Rinosan propo,5.35,6.29,right_only
SALVIASEPT,"SALVIASEPT ACUT, 12 čiulpiamų tablečių",5.99,5.99,,,,left_only
,"SALVIASEPT ACUT, 12 čiulpiamųjų pastilių",,,Salviasept,3.31,5.52,right_only
SALVIASEPT,"SALVIASEPT ACUT, 12 čiulpiamųjų tablečių",5.99,5.99,,,,left_only
,"SALVIASEPT ACUT, be cukraus, 12 čiulpiamųjų pastilių",,,Salviasept,3.31,5.52,right_only
SALVIASEPT,"SALVIASEPT KIDS ledinukai nuo kosulio, nuo 3 m., 6 vnt.",4.85,4.85,,,,left_only
SALVIASEPT,"SALVIASEPT KIDS ledinukai, 6 vnt.",4.99,4.99,,,,left_only
SALVIASEPT,"SALVIASEPT SPRAY, GERKLĖS PURŠKALAS, 20 ml",7.49,7.49,,,,left_only
SALVIASEPT,"SALVIASEPT gerklės purškalas KIDS, 20 ml",7.39,7.39,,,,left_only
,"SALVIASEPT, gerklės purškalas, 20 ml",,,Salviasept,4.45,7.42,right_only
SARIDON,"SARIDON, Tabletės, N10",2.72,2.72,,,,left_only
,"SEPTABENE CITRINŲ IR MEDAUS SKONIO, 3 mg/1 mg, kietosios pastilės, N16",,,Septabene,7.78,7.78,right_only
SEPTABENE,"SEPTABENE citrinų ir medaus skonio, 3 mg/1 mg, kietosios pastilės, N16",3.99,3.99,,,,left_only
,"SEPTABENE, 1,5 mg/5 mg/1 ml, burnos gleivinės purškalas (tirpalas), 30 ml",,,Septabene,10.67,10.67,right_only
,"SEPTABENE, 3 mg/1 mg, kietosios pastilės, eukaliptų skonio, N16",,,Septabene,7.78,7.78,right_only
,"SEPTABENE, citrinų ir šeivamedžio skonio, 3 mg/1 mg, kietosios pastilės, N16",,,Septabene,7.78,7.78,right_only
,"SEPTANAZAL, 1 mg/50 mg/ml, nosies purškalas (tirpalas), suaugusiesiems, 10 ml",,,Septanazal,4.48,4.48,right_only
,"SINUMOSS BABY, geriamieji lašai, 30 ml",,,Innovative Pharma,5.63,5.63,right_only
,"SINUMOSS, 350 mg, 20 kapsulių",,,Innovative Pharma,7.44,7.44,right_only
SINUNORM,"SINUNORM DUO, 15 kapsulių",,6.39,Lotos Pharma,6.35,6.35,both
SINUNORM,"SINUNORM sirupas, 100 ml",4.82,4.82,,,,left_only
,"SINUNORM, sirupas, 100 ml",,,Lotos Pharma,4.42,4.42,right_only
SINUPRET,"SINUPRET FORTE, dengtos tabletės, N20",9.63,9.63,Sinupret,7.9,7.9,both
SINUPRET,"SINUPRET INTENS, 160mg, dengtos tabletės, N20",12.41,12.41,,,,left_only
,"SINUPRET INTENS, dengtos tabletės, suaugusiems, N20",,,Bionorica,11.22,11.22,right_only
SINUPRET,"SINUPRET, 100 ml, geriamieji lašai, tirpalas, N1",10.01,10.01,,,,left_only
SINUPRET,"SINUPRET, dengtos tabletės, N100",16.53,16.53,Sinupret,16.53,16.53,both
SINUPRET,"SINUPRET, dengtos tabletės, N50",8.49,8.49,Sinupret,8.77,8.77,both
,"SINUPRET, geriamieji lašai (tirpalas), 100 ml",,,Sinupret,8.22,8.22,right_only
,"SINURIN ISOTONIC, purškalas, 30 ml",,,Sinurin,4.94,5.81,right_only
,"SINURIN SPRAY, nosies purškalas, 30 ml",,,Lotos Pharma,4.63,5.45,right_only
,"SINURIN, nosies lašai, 10 ml",,,Lotos Pharma,3.9,4.59,right_only
,"SINUSTRONG SPRAY, purškalas, 20 ml",,,Silvanols,,,right_only
,"SINUSTRONG+, 30 kapsulių",,,Sinustrong,8.32,8.32,right_only
SINZYL,"SINZYL, 0,05%, nosies purškalas (tirpalas), N1",4.69,4.69,,,,left_only
SINZYL,"SINZYL, 0,1%, nosies purškalas (tirpalas), N1",5.19,5.19,,,,left_only
SOLPADEINE,"SOLPADEINE EXPRESS 500 mg/65 mg, Šnypščiosios tabletės, N16",4.64,4.64,,,,left_only
SOLPADEINE,"SOLPADEINE, 500 mg + 8 mg + 30 mg, tirpinamosios tabletės, N12",4.06,4.06,,,,left_only
SOLPADEINE,"SOLPADEINE, Tabletės, N12",4.76,4.76,,,,left_only
,"STERIMAR MICROSPRAY, purškalas, 100 ml",,,Sterimar,7.13,8.39,right_only
,"STERIMAR MICROSPRAY, purškalas, 50 ml",,,Sterimar,,,right_only
STODAL,"STODAL, 200 ml, Sirupas, N1",6.7,6.7,,,,left_only
,"STODAL, sirupas 200 ml, N1",,,Stodal,7.37,7.37,right_only
,"STOPTUSSIN, 4 mg/100 mg, tabletės, N20",,,Stoptussin,3.9,3.9,right_only
STOPTUSSIN,"STOPTUSSIN, 4mg/100mg, Tabletės, N20",3.69,3.69,,,,left_only
STREPSILS,"STREPHERBAL pastilės su saldikliu, vitaminu C ir cinku, 24 Pastilės",7.49,7.49,,,,left_only
STREPSILS,"STREPHERBAL su propoliu ir vitaminu C, medaus ir citrinos skonio, 24 kietosios pastilės",7.49,7.49,,,,left_only
,"STREPHERBALTM ELDERBERRY & ECHINACEA MAISTO PAPILDAS SU SALDIKLIAIS SU VITAMINU C IR CINKU IMUNITETO STIPRINIMUI, 24 pastilės",,,Strepsils,7.49,7.49,right_only
,"STREPHERBALTM HONEY FLAVOUR & LEMON BALM MAISTO PAPILDAS SU SALDIKLIAIS, PROPOLIS SU VITAMINU C IR CINKU IMUNITETO STIPRINIMUI, 24 pastilės.",,,Strepsils,7.49,7.49,right_only
,"STREPSILS HONEY & LEMON, 1,2 mg/0,6 mg, kietosios pastilės, N24",,,Strepsils,7.66,7.66,right_only
STREPSILS,"STREPSILS INTENSIVE 8,75mg, kietosios pastilės, N24",10.36,10.36,,,,left_only
,"STREPSILS INTENSIVE, 8,75 mg, kietosios pastilės, N16",,,Strepsils,7.59,7.59,right_only
,"STREPSILS INTENSIVE, 8,75 mg, kietosios pastilės, N24",,,Strepsils,10.5,10.5,right_only
,"STREPSILS MENTHOL & EUCALYPTUS, 1,2 mg/0,6 mg/8 mg, kietosios pastilės, N24",,,Strepsils,7.66,7.66,right_only
,"STREPSILS VITAMIN C, 1,2 mg/0,6 mg/100 mg, kietosios pastilės, N24",,,Strepsils,7.66,7.66,right_only
STREPSILS,"STREPSILS Vitamin C, 1,2mg/0,6mg/100mg, kietosios pastilės, N24",7.68,7.68,,,,left_only
,"STRONG, purškalas išsausėjusiai skaudančiai gerklei, 20 ml",,,STRONG,5.13,6.04,right_only
SEPTABENE,"Septabene 3 mg/1 mg, kietosios pastilės, N16",6.45,6.45,,,,left_only
SEPTABENE,"Septabene citrinų ir šeivamedžio skonio 3 mg/1 mg, kietosios pastilės, N16",3.99,3.99,,,,left_only
SEPTANAZAL,"Septanazal 1 mg/50 mg/ml, suaugusiesiems, nosies purškalas (tirpalas), N1",4.46,4.46,,,,left_only
STREPSILS,"Strepsils Honey & Lemon 1,2 mg/0,6 mg, kietosios pastilės, N24",8.49,8.49,,,,left_only
STREPSILS,"Strepsils Intensive, 8,75mg, kietosios pastilės, N16",7.46,7.46,,,,left_only
STREPSILS,"Strepsils Menthol & Eucalyptus 1,2 mg/0,6 mg/8 mg, kietosios pastilės, N24",7.68,7.68,,,,left_only
TICHOLIQUIN,"TACHOLIQUIN 1% tirpalas inhaliacijoms, nuo 3 m., 10 vnt., 5 ml",15.03,18.79,,,,left_only
,"TANTUM VERDE FORTE, 3 mg/ml, burnos gleivinės purškalas (tirpalas), 15 ml",,,Tantum Verde,8.12,8.12,right_only
TANTUM VERDE,"TANTUM VERDE forte 3 mg/ml (tirpalas), burnos gleivinės purškalas (tirpalas), N1",8.91,8.91,,,,left_only
,"TANTUM VERDE, 1,5 mg/ml, burnos gleivinės purškalas (tirpalas), 30 ml",,,Tantum Verde,8.12,8.12,right_only
,"TANTUM VERDE, 1,5 mg/ml, burnos gleivinės tirpalas, 240 ml",,,Tantum Verde,8.12,8.12,right_only
TANTUM VERDE,"TANTUM VERDE, 1,5mg/ml, 240 ml, burnos gleivinės tirpalas, N1",8.12,8.12,,,,left_only
TANTUM VERDE,"TANTUM VERDE, 1,5mg/ml, 30 ml su mechaniniu purkštuku, burnos gleivinės purškalas (tirpalas), N1",8.99,8.99,,,,left_only
TANTUM VERDE,"TANTUM VERDE, 3 mg, kietosios pastilės, N20",7.79,7.79,Tantum Verde,7.13,7.13,both
TARAFEN,"TARAFEN, plėvele dengtos tabletės, N20",7.19,7.19,,,,left_only
,"TARTEPHEDREEL N, geriamieji lašai (tirpalas), 30 ml",,,Heel,7.21,7.21,right_only
TEMPIER,"TEMPIER 500 mg/30 mg/15 mg milteliai geriamajam tirpalui, milteliai geriamajam tirpalui, N6",4.88,4.88,,,,left_only
,"THERAFLU ND, 1000 mg/60 mg/30 mg, milteliai geriamajam tirpalui, N10",,,Theraflu,7.67,7.67,right_only
,"THERAFLU ND, 1000 mg/60 mg/30 mg, milteliai geriamajam tirpalui, N6",,,Theraflu,5.57,5.57,right_only
,"THERAFLU NT, milteliai geriamajam tirpalui, N10",,,Theraflu,7.67,7.67,right_only
,"THERAFLU NT, milteliai geriamajam tirpalui, N6",,,Theraflu,6.4,6.4,right_only
,"THERAFLU, 500 mg/6,1 mg/100 mg, kietosios kapsulės, N16",,,Theraflu,5.17,5.17,right_only
,"TONSILGON N, dengtos tabletės, N50",,,Bionorica,8.77,8.77,right_only
,"TONSILGON N, geriamieji lašai (tirpalas), 50 ml",,,Bionorica,8.77,8.77,right_only
TONSILOTREN,"TONSILOTREN, Tabletės, N40",7.64,7.64,,,,left_only
,"TONSILOTREN, tabletės, N40",,,Tonsilotren,7.64,7.64,right_only
,"TRACHILID, 8 mg, 20 kietųjų pastilių",,,,,,right_only
TARTEPHEDREEL,"Tartephedreel N, 30 ml ir aplikatorius su lašintuvu, geriamieji lašai, tirpalas, N1",7.2,7.2,,,,left_only
THERAFLU,"Theraflu 500 mg/6,1 mg/100 mg kietosios kapsulės, Kietosios kapsulės, N16",5.72,5.72,,,,left_only
THERAFLU,"Theraflu ND 1000 mg/60 mg/30 mg, milteliai geriamajam tirpalui, N10",7.67,7.67,,,,left_only
THERAFLU,"Theraflu ND, milteliai geriamajam tirpalui, N6",3.99,3.99,,,,left_only
THERAFLU,"Theraflu NT 1000mg+60mg+30mg+4mg, milteliai geriamajam tirpalui, N10",7.67,7.67,,,,left_only
THERAFLU,"Theraflu NT, milteliai geriamajam tirpalui, N6",3.99,3.99,,,,left_only
TONSILGON,"Tonsilgon N, 50 ml, geriamieji lašai, tirpalas, N1",8.28,8.28,,,,left_only
TONSILGON,"Tonsilgon N, dengtos tabletės, N50",8.28,8.28,,,,left_only
,"UMCKALOR, 20 mg, plėvele dengtos tabletės, N15",,,Umckalor,9.51,9.51,right_only
,"UMCKALOR, geriamieji lašai (tirpalas), 20 ml",,,Umckalor,9.51,9.51,right_only
UMCKALOR,"UMCKALOR, geriamieji lašai, tirpalas, N1",9.51,9.51,,,,left_only
UMCKALOR,"UMCKALOR, plėvele dengtos tabletės, N15",9.51,9.51,,,,left_only
VIBROCIL,"VIBROCIL 2,5mg/0,25mg/ml, 15ml, nosies purškalas (tirpalas), N1",5.29,5.29,,,,left_only
,"VIBROCIL, 2,5 mg/0,25 mg/ml, nosies purškalas (tirpalas), 10 ml",,,Vibrocil,5.29,5.29,right_only
VIBURCOL,"VIBURCOL, Žvakutės, N12",6.56,6.56,,,,left_only
,"VIBURCOL, žvakutės, N12",,,Viburcol,6.56,6.56,right_only
VIRUPROTECT,"VIRUPROTECT STADA, braškių skonio, 20 ml",9.75,19.49,,,,left_only
VISCOFLU,"VISCOFLU nosies purškalas, 30 ml",11.83,14.79,,,,left_only
VISCOFLU,"VISCOFLU tirpalas inhaliavimui ir lašinimui, nuo 2 m., 10 vnt., 5 ml",19.19,23.99,,,,left_only
,"VISCOFLU, nosies purškalas, 30 ml",,,Viscoflu,14.37,14.37,right_only
,"VISCOFLU, sterilus hipertoninis fiziologinis tirpalas inhaliavimui ir lašinimui, 5 ml, 10 vnt.",,,Viscoflu,17.55,17.55,right_only
,"VITADAY MUKALTINAS, 10 tablečių",,,VitaDay,0.98,0.98,right_only
ACONITUM,"VITAMIN C PROLONG 1000, miško uogų skonio, 14 paketėlių",9.79,13.99,,,,left_only
ACONITUM,"VITAMIN C PROLONG, 40 kapsulių",5.91,9.09,,,,left_only
VOCAL,"VOCAL su hialuronu, mėtų skonio, 24 Pastilės",5.89,5.89,,,,left_only
,"VOCAL, citrinų skonio pastilės gerklei, N24",,,Vocal,4.99,4.99,right_only
,"VOCAL, juodųjų serbentų skonio pastilės gerklei, 24 vnt.",,,Vocal,4.59,4.59,right_only
,"VOCAL, medaus ir citrinų skonio pastilės gerklei su hialurono rūgštimi, N24",,,Vocal,6.19,6.19,right_only
VOCAL,"VOCAL, medaus ir citrinų skonio, 24 Pastilės",6.19,6.19,,,,left_only
,"VOCAL, pipirmėčių skonio pastilės gerklei su hialurono rūgštimi, 24 vnt.",,,Vocal,5.89,5.89,right_only
,"VOCAL, vyšnių skonio pastilės gerklei, N24",,,Vocal,4.99,4.99,right_only
VIBROCIL,"Vibrocil, 15 ml, nosies lašai, tirpalas, N1",4.88,4.88,,,,left_only
VOLTAREN,"Voltaren Akti, 25mg, Minkštosios kapsulės, N10",5.69,5.69,,,,left_only
WINTROZEN,"WINTROZEN, 600mg, Šnypščiosios tabletės, N10",5.84,5.84,,,,left_only
,"WINTROZEN, 600mg, šnypščiosios tabletės, N10",,,WINTROZEN,3.99,3.99,right_only
,"XYMELIN MENTHOL, 1 mg/ml, nosies purškalas (tirpalas), 10 ml",,,Xymelin,5.54,5.54,right_only
XYMELIN,"XYMELIN nosies purškalas (tirpalas), 1 mg / m , 10 ml, nosies purškalas (tirpalas), N1",5.24,5.24,,,,left_only
,"XYMELIN, 1 mg/ml, nosies lašai (tirpalas), 10 ml",,,Xymelin,4.05,4.05,right_only
,"XYMELIN, 1 mg/ml, nosies purškalas (tirpalas), 10 ml",,,Xymelin,5.54,5.54,right_only
ZOVIDUO,"ZOVIDUO 50 mg/10 mg/g, Kremas, N1",11.22,11.22,,,,left_only
,"ČIOBRELIŲ SIRUPAS, atsikosėjimui lengvinti, 100 ml",,,Innovative Pharma,4.69,4.69,right_only
ŠVF,"ŠVF BRONCHOHERBA NAKČIAI žolelių arbata, 20 vnt., 1.5 g",2.79,2.79,,,,left_only
ŠVF,"ŠVF BRONCHOHERBA pastilės su medumi, 12 pastilių",,3.68,,,,left_only
ŠVF,"ŠVF COLDHERBA FORTE, 2 g x 20, 20 vnt.",2.89,2.89,,,,left_only
ŠVF,"ŠVF NĖŠČIOMS IR MAITINANČIOMS MAMOMS PERŠALIMO SEZONUI,  aviečių skonio, 14 pakelių",8.99,8.99,,,,left_only
ŠVF,"ŠVF PERŠALIMO SEZONUI VAIKAMS, aviečių skonio, 10 pakelių",8.99,8.99,,,,left_only
ŠVF,"ŠVF arbata nakčiai COLDHERBA, 2 g x 20 vnt.",2.99,2.99,,,,left_only
ŠVF,"ŠVF arbata su vitaminu C COLHERBA, 2 g x 20 vnt.",2.79,2.79,,,,left_only
ŠVF,"ŠVF peršalimo sezonui DIENA/NAKTIS, 8 vnt., 20 ml",9.99,9.99,,,,left_only
ŠVF,"ŠVF šeivamedžių žiedai, 50 g",4.09,4.09,,,,left_only
ŠVF,"ŠVF žolelių arbata AVIEČIŲ LAPAI, 50 g",2.69,2.69,,,,left_only
ŠVF,"ŠVF žolelių arbata BRONCHOHERBA FORTE, 20 vnt., 1.5 g",2.19,2.19,,,,left_only
ŠVF,"ŠVF žolelių arbata BRONCHOHERBA vaikams, 1,5g x 20 vnt.",2.79,2.79,,,,left_only
ŠVF,"ŠVF žolelių arbata BRONCHUS su pušų pumpurais, 50 g",3.19,3.19,,,,left_only
ŠVF,"ŠVF žolelių arbata DEBESYLŲ ŠAKNYS, 50 g",2.59,2.59,,,,left_only
ŠVF,"ŠVF žolelių arbata ERŠKĖČIŲ VAISIAI, 100 g",4.88,4.88,,,,left_only
ŠVF,"ŠVF žolelių arbata GYSLOČIŲ LAPAI, 50 g",2.49,2.49,,,,left_only
ŠVF,"ŠVF žolelių arbata su imbieru COLDHERBA, 2 g x 20 vnt., 20 vnt.",3.19,3.19,,,,left_only
ŠVF,"ŠVF žolelių arbata vaikams COLDHERBA, 1,5 g x 20 vnt.",2.99,2.99,,,,left_only
,"ŠVF/AC BRONCHOHERBA, pastilės su medumi, N12",,,ŠVF,2.65,3.79,right_only
,"ŠVF/AC BRONCHOHERBA, pastilės su šalavijais, N12",,,ŠVF,2.65,3.79,right_only
,"ŠVF/AC PERŠALIMO SEZONUI, geriamasis tirpalas paketėliuose, 20 ml x 4 ir 20 ml x 4",,,Acorus Balance,9.99,9.99,right_only
